Sentence,Text_label
"Quick learning, thriving in ambiguity, and embracing change to drive innovation.",Soft Skills
"Ph.D. in Applied Mathematics, University of Waterloo.",Education
Proficient in Salesforce for CRM management.,Skills
Experience with NoSQL databases like Cassandra and DynamoDB.,Skills
Mobile No. +1-310-555-7691 Email: myname98@outlook.com LinkedIn: linkedin.com/in/john123,Contact 
"Blockchain Developer at ConsenSys, building decentralized apps using Solidity for 2 years.",Experience
Application Security in Cloud Environments,Areas of Interest
"Mentorship, coaching, and providing constructive feedback to help individuals grow and succeed.",Soft Skills
"Graduation: B.Tech in Computer Science Engineering, Indian Institute of Technology Kanpur, 8.9 CGPA, Class of 2022.",Education
Power BI Data Analyst Associate - Microsoft,Certifications
Direct experience with immersive development using Unity and Unreal Engine.,Skills
AI for Healthcare Diagnostics,Areas of Interest
Looker Certified Professional - Google,Certifications
"Empathy and emotional intelligence, building strong interpersonal relationships and fostering a positive, respectful work culture.",Soft Skills
"Graduated with a degree in Business Analytics from ABC University, 3.7/5 GPA.",Education
Certified Kubernetes Administrator (CKA) - CNCF,Certifications
"Programming Languages: C++, Python, Javascript",Skills
"Empathy, understanding different perspectives, and managing emotions under stress.",Soft Skills
Proficient in 5G technologies and communication protocols.,Skills
"Azure Cloud Architect at HCL, managing cloud migration projects for enterprise clients for 7 years.",Experience
"AWS Solutions Architect at Tech Mahindra, implementing scalable cloud-native solutions for 5 years.",Experience
"B.Tech in Electronics and Computer Systems, 9.4 CGPA, ABC University, 2020 Batch.",Education
Augmented Reality for Business Applications,Areas of Interest
"Published a thesis on ""Optimization in Neural Networks"" with Springer.",Achievements
"B.Tech ECE, 9.5 CGPA, XYZ university",Education
Metaverse Development and Virtual Collaboration,Areas of Interest
Built a chatbot for a customer service platform using Transformer models.,Projects
Secured first place in a creative writing contest at the state level.,Achievements
Expertise in NLP and transformers like GPT and BERT,Skills
"Doctorate in Computational Neuroscience, ETH Zurich.",Education
Offensive Security Wireless Professional (OSWP) - Offensive Security.,Certifications
Experience with robotic process automation (RPA) tools like UiPath.,Skills
"MERN Stack Developer at Wipro, building scalable e-commerce platforms for 3 years.",Experience
Stress management and work-life balance,Soft Skills
A/B Testing and Experimentation,Areas of Interest
Building and maintaining team morale,Soft Skills
Ethical decision-making in work settings,Soft Skills
Skilled in implementing RESTful APIs and GraphQL APIs.,Skills
"Time management, goal-setting, and scheduling to meet deadlines effectively.",Soft Skills
Worked on a voice-controlled smart assistant for desktops.,Projects
Certified Machine Learning Specialist - Coursera,Certifications
AI in Cyber Threat Detection,Areas of Interest
Member of the winning team in inter-college cricket tournaments.,Achievements
"Doctorate in Sustainable Energy Systems, University of Cambridge.",Education
Knowledge of healthcare data standards like HL7 and FHIR.,Skills
Expertise in CI/CD pipelines and version control with GitLab and Bitbucket.,Skills
Certified Deep Learning Specialist - NVIDIA Deep Learning Institute.,Certifications
"Analytical reasoning, root-cause analysis, and thinking creatively for unique solutions.",Soft Skills
Advanced React Developer Certificate - Frontend Masters.,Certifications
"Encouraging innovation, brainstorming, and problem reframing for new perspectives.",Soft Skills
Advanced SQL for Data Analytics - Udemy,Certifications
"Contact +1-310-555-7684, email:  email: analytics.team@datainsights.ai",Contact 
"Bachelor of Technology in AI and Machine Learning, Amity University, Mumbai, 2016–2020, 9.2 CGPA.",Education
Mobile No. +1-310-555-7685 Portfolio: xyz.dev,Contact 
"Sparkling star, XYZ",Achievements
Experienced in web app development using Django and Javascript,Skills
Public speaking and presentation skills,Soft Skills
"B.Sc. in Software and Computer Engineering, Nanyang Technological University, Singapore, 2023 Batch.",Education
Incident Management and Disaster Recovery,Areas of Interest
Databricks Certified Professional Data Scientist - Databricks Academy.,Certifications
"Expertise in Python, Java, and R for data analysis and machine learning tasks.",Skills
Experienced in game development using C++ and Unity.,Skills
Inspiring and motivating others,Soft Skills
Certified Network Security Specialist - ICSI,Certifications
Well-versed in test automation tools using Selenium and Puppeteer.,Skills
AWS Certified Security - Specialty - Amazon Web Services.,Certifications
"Machine Learning Engineer at Google, developed cutting-edge NLP algorithms for Google Assistant, improving response accuracy by 20% over 2 years.",Experience
Code Optimization and Performance Tuning,Areas of Interest
Data Warehousing and ETL Processes,Areas of Interest
Implemented a spam email detection system using Naive Bayes.,Projects
"Data Engineer at Capgemini, designing data pipelines using AWS and Spark for 5 years.",Experience
Prioritizing tasks for efficiency,Soft Skills
"Scrum Master at ThoughtWorks, facilitated agile practices, improving team delivery efficiency over 4 years.",Experience
Explored AI-based quantum algorithm design for enhancing optimization tasks in logistics.,Projects
"Scrum Master at ThoughtWorks, facilitating agile ceremonies for development teams for 4 years.",Experience
Developed a model for healthcare cost prediction using regression techniques.,Projects
"espectful, inclusive behavior and promoting an equitable work culture.",Soft Skills
"AI Researcher at Meta, developed state-of-the-art computer vision systems for AR/VR applications, contributing to product innovation over 3 years.",Experience
Problem reframing for new perspectives,Soft Skills
"AR/VR Developer at Unity Technologies, creating immersive training simulations for 3 years.",Experience
Completed Google Data Analytics Certification with honors.,Achievements
Developed an adaptive vehicle detection system using SSDs for highway monitoring.,Projects
"Ph.D. in Natural Language Processing and Deep Learning, Carnegie Mellon University, 2015–2020. MBA in Technology Leadership, IIM Ahmedabad, 2021 Graduate. B.E. in Electronics and Communication, Delhi Technological University (DTU), 2024.",Education
AWS Certified Machine Learning - Specialty - Amazon Web Services.,Certifications
Network Security and Firewalls,Areas of Interest
Deep Learning and Neural Networks,Areas of Interest
Conflict resolution and mediation,Soft Skills
Built an advanced haptic alert system for improving tactile feedback in wearable devices.,Projects
"Bachelor of Engineering in Information Systems, Netaji Subhas University of Technology (NSUT), Delhi, 2019 Pass-out, CGPA: 8.6.",Education
"Public speaking, presentation skills, and negotiation to engage audiences and persuade stakeholders.",Soft Skills
Promoted to Senior Analyst within two years of joining.,Achievements
"Awarded ""Best Player of the Tournament"" in basketball.",Achievements
"Ph.D. in Quantum Algorithms and Cryptography, Harvard University, 2024 Candidate.",Education
Batch Processing with Apache Beam,Areas of Interest
Phone: +91-9876543213,Contact 
Skilled in simulation tools like MATLAB and Simulink.,Skills
Security Operations Center (SOC) Management,Areas of Interest
Developed a system to optimize warehouse layouts using reinforcement learning.,Projects
"Experienced Java Developer at Oracle, improved ERP tools, ensuring seamless client operations over 6 years.",Experience
Autonomous Systems for Logistics and Warehousing,Areas of Interest
Neural Architecture Search (NAS),Areas of Interest
Tableau Certified Associate Consultant - Tableau,Certifications
"Master of Science in Data Science, Imperial College London.",Education
"Ph.D. in Healthcare Data Analytics, University of Edinburgh.",Education
Mobile No. +1-310-555-7693 LinkedIn: linkedin.com/in/johndoe123,Contact 
Cloud Data Engineering on AWS and Azure,Areas of Interest
Working effectively in multicultural teams,Soft Skills
"Bachelor of Arts in Economics, Delhi University (2012-2015).",Education
"B.Tech in Artificial Intelligence, Amity University, Noida (2017-2021).",Education
Implemented an AI-powered image enhancement tool using GANs.,Projects
Google Cloud Professional Data Engineer,Certifications
"Awarded ""Best Innovator of the Year"" at XYZ Corp.",Achievements
Devised a traffic regulation compliance checker by combining object detection models with road rule datasets.,Projects
Created a warehouse inventory tracking system with computer vision-based counting algorithms.,Projects
"Proficiency with data Visualization tools like Microsoft Excel, Tabeau, Power Bi, Matplotlib",Skills
Skilled in financial modeling and forecasting using Excel.,Skills
Expertise in Natural Language Processing libraries like spaCy and NLTK.,Skills
"Master of Robotics and Intelligent Systems, Georgia Tech, Class of 2020, GPA: 3.8.",Education
"Phone: +86-10-12345683,  email: analytics.team@datainsights.ai",Contact 
"Promoting and leading initiatives for continuous learning, knowledge sharing, and personal development within team",Soft Skills
Knowledge Graphs and Ontology Engineering,Areas of Interest
"Worked as a Senior Data Analyst at Deloitte, developing predictive models using Python for 4 years.",Experience
Certified Front-End Developer - freeCodeCamp,Certifications
Cybersecurity Analyst (CySA+) Certification - CompTIA,Certifications
"MBA in Technology Leadership, IIM Ahmedabad, 2021 Graduate.",Education
Applied Machine Learning in Python - University of Illinois at Urbana-Champaign (Coursera).,Certifications
Node.js Application Developer Certification - OpenJS Foundation.,Certifications
"Infrastructure Engineer at Atlassian, optimized hybrid infrastructures for seamless operation over 5 years.",Experience
Generative AI for Content Creation,Areas of Interest
Implementing creative solutions in projects,Soft Skills
Experience in ETL tools like Apache Nifi and Informatica.,Skills
Institution Projects: Pdf answering AI,Projects
"Site Reliability Engineer at Zoho, enhanced SaaS application reliability, achieving 99.99% availability over 4 years.",Experience
Represented the district in national-level table tennis tournaments.,Achievements
Data Archival and Retrieval Systems,Areas of Interest
Mobile Application Development (Android and iOS),Areas of Interest
Designed a dynamic product recommendation engine with hybrid filtering for an online marketplace.,Projects
Built a customer segmentation model using K-Means clustering.,Projects
Database Design and Optimization,Areas of Interest
Built a gamified educational platform for coding practice.,Projects
"Proficient in front-end frameworks: React.js, Angular, and Vue.js.",Skills
"AWS Solutions Architect at Tech Mahindra, delivered scalable, cloud-native solutions, driving business growth over 5 years.",Experience
"Proficient in database management systems: MySQL, PostgreSQL, and MongoDB.",Skills
"Technical Program Manager at Amazon Web Services, ensuring successful delivery of cloud migration projects for 3 years.",Experience
Completed certification in Python with a distinction grade.,Achievements
Certified Data Scientist with expertise in Python and Machine Learning,Certifications
Secured bronze in shot put during inter-university athletics.,Achievements
Created a stock portfolio management app using Flutter and Firebase.,Projects
"Decision-making under pressure, taking calculated risks, and balancing competing priorities with calm, focused judgment.",Soft Skills
"System Administrator at HP, maintaining data center operations and VMware environments for 4 years.",Experience
Building long-term professional relationships and supporting growth through mentorship and coaching.,Soft Skills
"Bachelor of Science in Mathematics and Statistics, University of Oxford.",Education
Built a decentralized medical record system on Ethereum smart contracts for secure sharing.,Projects
Contact +91-310-555-7695 GitHub: github.com/username,Contact 
Developed an open-source Python library with 1K+ GitHub stars.,Achievements
Frontend Development with React and Angular,Areas of Interest
"Worked at Accenture as a Big Data Specialist, optimizing Hadoop clusters for enterprise data solutions for 4 years.",Experience
"Effective verbal and written communication, active listening, and empathetic communication for clear and considerate interactions.",Soft Skills
Certified Ethical Hacker Master (CEHv12) - EC-Council.,Certifications
"Diploma in Risk and Financial Analytics, Financial Analyst Academy (FAA), Completed in 2022.",Education
Proficient in conducting A/B testing and experimental design.,Skills
Built a task management tool with integrated calendar functionality.,Projects
Predictive Analytics and Forecasting,Areas of Interest
"Proficient in DevOps tools: Docker, Kubernetes, and Jenkins.",Skills
Built an FAQ resolution engine tailored for education tech platforms with semantic search.,Projects
"AI/ML Intern at IBM Research, where I worked on generative AI using GPT models for 6 months.",Experience
"Prefered areas: MernStack Developer, React Developer, backend Developer",Areas of Interest
"Data Science Consultant at PwC, delivered actionable business insights using advanced analytics tools like Tableau, PowerBI, and Python for 2 years.",Experience
"Bachelor of Science in Data Science, University of California, Berkeley.",Education
Phone: +1-310-555-7683 emai: jane.smith@xyzcorp.org Portfolio: johndoe.dev,Contact 
"Postgraduate Diploma in Data Science, IIIT Bangalore in collaboration with UpGrad.",Education
"Diploma in Robotics and Automation, IIT Madras.",Education
"Sensitivity to diversity, fostering an inclusive and collaborative work culture where every voice is valued.",Soft Skills
DevOps and CI/CD Automation,Areas of Interest
"AI/ML Intern at IBM Research, conducted experiments on generative AI models using GPT frameworks, achieving breakthroughs in text summarization in 6 months.",Experience
"Proficient in Python, Transformers, C++, Numpy, Pandas, Git.",Skills
Founded a coding club at college that grew to 200+ members.,Achievements
Stream Processing with Flink and Kafka Streams,Areas of Interest
Phone: +91-310-555-7693,Contact 
Developed a framework for assessing fairness in AI models.,Projects
Recommendation Systems,Areas of Interest
Brainstorming and idea generation,Soft Skills
"Ph.D. in Social Computing and Human Behavior, University of Michigan.",Education
Education: B.Tech XYZ - Bhopal(2014-2018),Education
Certified Blockchain Security Professional - EC-Council,Certifications
Engineered a flood forecasting tool by combining geospatial analysis with neural networks.,Projects
Natural Language Processing (NLP),Areas of Interest
Cryptography and Secure Communication,Areas of Interest
Data Engineering Nanodegree - Udacity.,Certifications
"Bachelor of Science in Software Systems Engineering, Carnegie Mellon UniversityGraduated in 2020.",Education
worked alongside a group in project named SAR imagery detection,Projects
Respectful and inclusive behavior,Soft Skills
Mobile No. +1-310-555-7697 LinkedIn: linkedin.com/in/john123,Contact 
"Contact NO. 123232 , email : xyz@gmail.com",Contact 
"I have a total experience of 7 years in Azure cloud services including pyspark, spark SQL, SQL, Azure Databricks.",Experience
Certified Blockchain Developer - Hyperledger - Linux Foundation.,Certifications
Robotics and Automation,Areas of Interest
Explainable AI and Model Interpretability,Areas of Interest
Proficient in blockchain technology and smart contract development.,Skills
"Robotics Engineer at Boston Dynamics, programmed autonomous robots for industrial automation, improving precision by 15% over 4 years.",Experience
"Cloud Engineer at AWS, deploying secure cloud architectures and optimizing services for cost efficiency for 4 years.",Experience
Secured third in Badminton during Institute Opens 2024,Achievements
"Inspiring and motivating others, driving innovation, and embracing change to lead teams toward success in dynamic environments.",Soft Skills
"Ph.D. in Quantum Computing, Massachusetts Institute of Technology (MIT).",Education
Knowledge of ethical hacking and penetration testing tools,Skills
Secured a global rank under 500 in CodeForces contests.,Achievements
Captained the university football team to victory in 2024.,Achievements
"M.Tech in Blockchain and Distributed Systems, IIIT Hyderabad.",Education
Engineered a robust OCR solution for digitizing legal contracts using CRNNs and Tesseract.,Projects
Mobile No. +1-310-555-7689,Contact 
Active listening and empathetic communication,Soft Skills
Designed an IoT-based home automation system with Raspberry Pi.,Projects
"Data Scientist at Amazon, focusing on recommendation systems and user behavior analytics for 3 years.",Experience
Internet of Things (IoT) and Edge Computing,Areas of Interest
Thriving in ambiguous situations,Soft Skills
Cisco Certified CyberOps Professional - Cisco Networking Academy.,Certifications
Deployed a cloud-based solution reducing costs by 30%.,Achievements
"Graduated with Honors in Executive MBA, Strategic Innovations, Kellogg School of Management, CGPA: 9.6.",Education
"Postgraduation in Big Data, Purdue University.",Education
"Building rapport, trust, and constructive feedback delivery for positive relationships.",Soft Skills
Phone: +49-151-23456793 email: jane.smith@xyzcorp.org,Contact 
"AI Researcher at Meta, working on computer vision models for AR/VR applications for 3 years.",Experience
Google Cloud Certified Professional Machine Learning Engineer - Google Cloud Platform.,Certifications
Certified AI Engineer - AI For Everyone,Certifications
Explored the use of blockchain for secure medical data storage.,Projects
Created a blog on data science with 10K+ monthly readers.,Achievements
Built a digital twin simulation for manufacturing processes.,Projects
Incident Response and Cyber Forensics,Areas of Interest
Industrial AI for Process Automation,Areas of Interest
email: xyz@yahoo.com,Contact 
"Bachelor of Arts in Econometrics and Finance, Jawaharlal Nehru University (JNU), New Delhi, 2011–2014.",Education
React Native Advanced Certification - Udemy,Certifications
"B.Tech in Electronics and Telecommunication, SRM Institute of Science and Technology, CGPA: 9.4, Class of 2018.",Education
TensorFlow Developer Certificate - Google,Certifications
Security for IoT Devices,Areas of Interest
Experienced in web development using Node.js and React.js,Skills
"B.Tech in Electronics and Telecommunication, SRM Institute of Science and Technology, CGPA: 9.4, Class of 2018.",Education
"Team leadership, delegation, and motivating others to achieve collective success.",Soft Skills
Ethical Hacking and Penetration Testing,Areas of Interest
"Recognized for ""Excellence in Leadership"" at LMN Ltd.",Achievements
"Hands-on experience with data visualization tools: Tableau, Power BI, and Matplotlib.",Skills
AR/VR Development for Training Simulations,Areas of Interest
Data Monetization Strategies,Areas of Interest
Well-versed in HubSpot for CRM management,Skills
Analytical reasoning and root-cause analysis,Soft Skills
"BBA in Marketing and Consumer Behavior, IIM Bangalore, Class of 2019, 8.8 CGPA",Education
Well-versed in geographic mapping using GIS tools like QGIS and ArcGIS.,Skills
Mobile No. +1-310-555-7696,Contact 
"Cloud Engineer at AWS, deployed scalable cloud architectures and introduced cost optimization strategies, saving 20% annually for clients over 4 years.",Experience
Data Visualization with Tableau and PowerBI,Areas of Interest
"Resilience, quick learning, and continuous self-improvement in dynamic and evolving work settings.",Soft Skills
AWS Certified Solutions Architect,Certifications
Machine Learning and Artificial Intelligence,Areas of Interest
Organizational skills for resource management,Soft Skills
"Advanced Diploma in Human-Centered Design, General Assembly, San Francisco, 2021 Batch.",Education
"Postgraduation in Healthcare Analytics, University of Pennsylvania.",Education
Certified Cloud Security Professional (CCSP) - ISC2.,Certifications
"Cloud-Native Data Warehousing (Redshift, BigQuery)",Areas of Interest
Game Development with Unity and Unreal Engine,Areas of Interest
"Doctorate in Theoretical Physics, California Institute of Technology (Caltech).",Education
Researched GAN-based synthetic data generation for imbalanced datasets in satellite imaging.,Projects
"B.Sc. in Software and Computer Engineering, Nanyang Technological University, Singapore, 2023 Batch.",Education
I like to work with Python analyzing data and gathering insights and representing them through visualization tools like PowerBi,Areas of Interest
Architected a healthcare expenditure forecasting tool with decision trees and time-series modeling.,Projects
"Skilled in creating responsive web designs using HTML, CSS, and Bootstrap.",Skills
AI Product Manager Certification - AI For Everyone.,Certifications
"Worked as a VP of Engineering at a startup, scaling the engineering team from 5 to 50 members in 2 years.",Experience
Reinforcement Learning Applications,Areas of Interest
Knowledge of ETL tools like Apache Nifi and Informatica.,Skills
Advanced C# Programming - Codecademy,Certifications
AI-Powered Digital Twins,Areas of Interest
"Cloud Security Specialist at SAP, ensured GDPR and ISO compliance for global cloud deployments over 3 years.",Experience
Certified Ethical Hacker (CEH) - EC-Council,Certifications
Creative thinking and innovation,Soft Skills
Achieved a CodeChef rating of 2400 (Grandmaster).,Achievements
"Full Stack Developer at Infosys, creating enterprise-level applications using React and Node.js for 4 years.",Experience
"Doctorate in Cryptography and Information Security, IIT Kharagpur",Education
Mobile No +91-310-555-7691 Email: myname98@outlook.com,Contact 
Effective verbal and written communication,Soft Skills
"Bachelor of Science in Software Engineering, Carnegie Mellon University.",Education
"Data Scientist at Amazon, focusing on recommendation systems and user behavior analytics for 3 years.",Experience
Handling Large-Scale Data on Google Cloud Platform,Areas of Interest
"Goal setting, prioritizing tasks, and using time-blocking techniques to ensure maximum productivity.",Soft Skills
Decision-making under pressure,Soft Skills
Certified Python Programmer - Python Institute.,Certifications
Phone: +86-10-12345681 email: jane.smith@xyzcorp.org,Contact 
Achieved a black belt in karate after rigorous training.,Achievements
Awarded a merit scholarship for outstanding academic performance.,Achievements
"Software Packages: Git, Arduino IDE, Microsoft Office",Skills
"Lead organizer of the university tech fest, attracting 2K+ participants.",Achievements
Knowledge of network security protocols and tools like Wireshark.,Skills
Certified NLP Specialist - NLP Academy,Certifications
Secured an All-India Rank (AIR) under 100 in JEE Advanced.,Achievements
"B.Sc. in Computational Mathematics and Statistics, University of Cambridge, GPA: 4.0, Magna Cum Laude.",Education
Worked with ETL tools like Apache Nifi and Informatica.,Skills
Proficient in automation using Selenium and Puppeteer.,Skills
Secured gold in badminton at the Inter-University Championship.,Achievements
Contact +1-310-555-7690 Email: myname98@outlook.com,Contact 
"Skills include C++, Mernstack, React.js, Node.js.",Skills
"Addition Certification: Analytics, Probability Statistics",Certifications
Qlik Sense Data Analyst Certification - Qlik,Certifications
Cloud Security and Risk Management,Areas of Interest
"Strategic thinking, vision-setting, and decision-making with incomplete data to guide long-term goals.",Soft Skills
Implemented a document categorization system for legal tech firms using hierarchical clustering.,Projects
Contact +91-310-555-7696 Email: myname98@outlook.com LinkedIn: linkedin.com/in/john123,Contact 
Backend Development with Python and Django,Areas of Interest
"Bachelor of Business Administration (BBA) in Marketing Analytics, IIM Indore.",Education
Cloud-Native Application Development,Areas of Interest
SAS Certified Advanced Analytics Professional - SAS,Certifications
"Operations Manager at Google Cloud, optimizing support operations for enterprise clients for 6 years.",Experience
Familiarity with firewall configurations and tools like Wireshark,Skills
Sensitivity to diversity and inclusion,Soft Skills
"Operations Manager at Google Cloud, optimized enterprise support operations over 6 years.",Experience
Created a virtual reality training module for industrial machinery operation using Unity3D.,Projects
Knowledge of big data tools like Apache Hadoop and Apache Spark.,Skills
Created a sentiment analysis model for Twitter data using LSTM.,Projects
"Experienced as a Senior Data Analyst at Deloitte, building predictive analytics models using Python, SQL, and Tableau for business forecasting over 4 years.",Experience
Understanding of vulnerability analysis and penetration testing tools,Skills
"Doctorate in Applied Cryptography, IISc Bangalore, 2020–2024 Research Fellow.",Education
"Business Intelligence Developer at TCS, designed and deployed interactive dashboards and complex SQL queries for financial reporting over 5 years.",Experience
Created a web app with 50K+ downloads in Google Play Store.,Achievements
Created a face recognition attendance system for offices using OpenCV.,Projects
Data Analytics and Visualization - edX,Certifications
Implemented a stock price prediction system using ARIMA and LSTM.,Projects
Engineered a meeting summarization engine that extracts key points using BART.,Projects
Won 2nd place in Microsoft Imagine Cup for a tech innovation.,Achievements
"M.Sc. in Advanced Data Analytics and Visualization, University of Edinburgh, Graduated with Distinction, 2020 Batch.",Education
Phone: +1-310-555-7684 Email: jinfo@mydomain.net,Contact 
"Executive MBA, Strategic Leadership, ABC",Education
"Organizational skills, multitasking, and the ability to manage multiple projects simultaneously in fast-paced environments.",Soft Skills
"Worked at Oracle as a Java Developer, contributing to enterprise resource planning (ERP) tools for 6 years.",Experience
Phone: +44-7985-332244 GitHub: github.com/username Portfolio: johndoe.dev,Contact 
Published a research paper in an IEEE journal on machine learning.,Achievements
Certified Machine Learning Specialist - Stanford Online.,Certifications
Neural Networks and Deep Learning - DeepLearning.ai.,Certifications
CompTIA Cybersecurity Analyst (CySA+) - CompTIA.,Certifications
Developed a chatbot adopted by 20+ organizations for customer service.,Achievements
"Ethical decision-making, integrity, and promoting inclusivity, diversity, and equity in all aspects of professional work.",Soft Skills
"Phone: +61-450-123-458,  LinkedIn: linkedin.com/in/xyz123",Contact 
Proficient in agile development methodologies and sprint planning.,Skills
Recognized for enhancing ML models' performance in a team challenge.,Achievements
Certified Business Analytics Specialist - Wharton Online,Certifications
"Master of Design in User-Centered Interaction, NID Bengaluru, Graduated in 2022.",Education
Created a multi-lingual translation framework based on Transformer architecture.,Projects
Business Analytics Specialization - Wharton School (Coursera).,Certifications
"Ph.D. in NLP and Language Models, Oxford University, Thesis on Transformer Architectures, Graduated in 2023.",Education
Chatbot Development using GPT Models,Areas of Interest
"Backend Developer at Flipkart, improving API performance using Django and Flask for 2 years.",Experience
Advanced SQL Certification - DataCamp.,Certifications
Designed a recommendation system for an e-commerce platform using collaborative filtering.,Projects
Developed a resume parsing tool for HR systems using SpaCy.,Projects
Mobile No. +1-310-555-7695 GitHub: github.com/abc LinkedIn: linkedin.com/in/john123,Contact 
"have worked in managing cross-functional teams, mentoring team members,  and fostering a collaborative environment for continuous improvement.",Soft Skills
"Postgraduate in Digital Marketing Strategy, Wharton Business School,2025 batch",Education
Data Visualization with Python and JavaScript - edX.,Certifications
Blockchain Essentials Certification - IBM Blockchain Academy.,Certifications
"Ph.D. in Autonomous Vehicle Systems, Technical University of Munich.",Education
"Innovation Manager at Tata Consultancy Services, developing AI-driven solutions for healthcare for 4 years.",Experience
Advanced JavaScript Specialist - Pluralsight.,Certifications
"Adaptability, flexibility in diverse work environments, and prioritizing tasks for efficiency.",Soft Skills
"Master of Design (M.Des) in Human-Computer Interaction, NID Ahmedabad.",Education
Built a stock trend forecasting dashboard using Transformer-based time series models.,Projects
Optimized energy usage predictions for smart grids with Gradient Boosting Machines.,Projects
"Diploma in Financial Risk Management (FRM), GARP Institute.",Education
Knowledge of quantum computing and algorithms.,Skills
"PG Diploma in Business and Marketing Intelligence, ISB Mumbai, 2018–2020.",Education
Built a bioinformatics pipeline for DNA sequence analysis.,Projects
Ranked 1st in the department during undergraduate studies.,Achievements
"Infrastructure Engineer at Atlassian, optimizing on-premises and cloud hybrid infrastructures for 5 years.",Experience
"Contact No.: +91-9876543210, Email: example@email.com",Contact 
Maintaining composure in crises,Soft Skills
"Skilled in front-end frameworks: React.js, Angular, and Vue.js.",Skills
"Conflict resolution, mediation, and managing team dynamics to foster a positive work environment.",Soft Skills
Experienced in device emulators like Appium and Espresso.,Skills
Azure Data Engineer Associate - Microsoft,Certifications
"System Administrator at HP, maintained VMware environments and data center operations, achieving 99.9% uptime over 4 years.",Experience
Blockchain Technology and Smart Contracts,Areas of Interest
Recognizing and celebrating team achievements,Soft Skills
"Project management, task prioritization, and managing multiple projects under pressure.",Soft Skills
Strategic thinking and vision-setting,Soft Skills
"Senior Consultant at EY, provided IT transformation advisory to Fortune 500 clients over 5 years.",Experience
Data Governance and Compliance,Areas of Interest
Developed a real-time fraud detection solution with ensemble techniques for banking transactions.,Projects
"Graduated with a GPA of 9.7/10 in B.Tech CSE from Manipal University, 2021.",Education
"Ethical decision-making, promoting inclusivity, and sensitivity to diversity and cultural differences.",Soft Skills
Mobile No +91-310-555-7694 GitHub: github.com/xyz,Contact 
Data Storytelling and Visualization Certification - LinkedIn Learning,Certifications
"Diploma in Industrial Robotics, IIT Guwahati, 2016–2018.",Education
"Ph.D. in Advanced Algorithms, University of Alberta, Thesis on Optimization Techniques, Completed in 2022.",Education
Team leadership and delegation,Soft Skills
"243221432 , abc2324@yahoo.com",Contact 
Represented the university in an inter-college data science competition.,Achievements
Authentication and Authorization for Web Apps,Areas of Interest
Data Scientist Nanodegree - Udacity,Certifications
Blockchain for Supply Chain Management,Areas of Interest
"Data Science Consultant at PwC, providing business insights using Tableau and PowerBI for 2 years.",Experience
"Postgraduate in Digital Marketing, Kellogg School of Management.",Education
Phone: +1-310-555-7685  Email: jinfo@mydomain.netb  LinkedIn: linkedin.com/in/johndoe123,Contact 
"B.Sc. in Computational Mathematics and Statistics, University of Cambridge, GPA: 4.0, Magna Cum Laude.",Education
Ranked in the top 1% globally in a Kaggle competition.,Achievements
"Worked at Cisco as a Network Engineer, implementing SDN solutions for enterprise networks for 4 years.",Experience
Anomaly Detection in Data Streams,Areas of Interest
Big Data Processing with Apache Spark,Areas of Interest
Designed an employee management system with payroll integration.,Projects
"Diploma in Advanced Cybersecurity, MIT Professional Education.",Education
"Lead AI Engineer at NVIDIA, implementing deep learning models for autonomous vehicles for 6 years",Experience
"Cloud Support Engineer at Oracle Cloud, resolving customer issues in SaaS and PaaS for 2 years.",Experience
Developed a machine learning fairness assessment library with explainable AI integrations.,Projects
"Frontend Developer at Adobe, designed innovative UI/UX components using Angular, Bootstrap, and Figma for 3 years.",Experience
Trained a sentiment analysis pipeline for political tweets using BiLSTM with attention mechanisms.,Projects
Mobile No +91-310-555-7693,Contact 
Graduated with a GPA of 9.8/10 in B.Tech CSE from SRM University.,Education
Conducted research on quantum machine learning applications.,Projects
Global mindset and awareness of cultural differences,Soft Skills
Thinking outside the box,Soft Skills
Contact +1-310-555-7683  GitHub: github.com/abc,Contact 
"Product Manager at Salesforce, managing cross-functional teams to build CRM features for 4 years.",Experience
"Contact +1-310-555-7685, Email:  email: analytics.team@datainsights.ai",Contact 
Scheduling and meeting deadlines,Soft Skills
Contact +1-310-555-7688 GitHub: github.com/username Email: myname98@outlook.com,Contact 
Quick learning in dynamic environments,Soft Skills
Built a language translation tool using Seq2Seq models.,Projects
Won bronze in chess during State Opens 2023.,Achievements
Oracle Certified Cloud Infrastructure Developer - Oracle University.,Certifications
Worked As Data Scientist At ABC Corp for 3 years,Experience
"Conflict reframing, facilitating innovation, and managing disagreements for productive resolutions.",Soft Skills
Designed a reinforcement learning model to optimize logistics and supply chain routing.,Projects
Palo Alto Networks Certified Cybersecurity Associate,Certifications
"Ph.D. in Bioinformatics and Genomics, Johns Hopkins University.",Education
"Data Engineer at Capgemini, managed end-to-end data pipeline solutions using AWS, Apache Spark, and Kafka for 5 years.",Experience
Phone: +49-151-23456794 email: abc_jobsearch@yahoo.com,Contact 
Built a traffic sign detection and classification system using YOLO and CNN.,Projects
"Lead AI Engineer at NVIDIA, led the development of real-time deep learning algorithms for autonomous vehicle navigation systems, resulting in a 30% improvement in safety metrics over 6 years.",Experience
"Phone: +86-10-12345678, Email: info@mydomain.net Portfolio: xyz.dev",Contact 
Secure Software Development Lifecycle,Areas of Interest
Worked on a real-time flood prediction system using geospatial data.,Projects
Mobile No. +1-310-555-7688 GitHub: github.com/abc,Contact 
"Machine learning, Open Cv, Tensorflow, pytorch.",Areas of Interest
"Blockchain Developer at ConsenSys, developed decentralized finance applications using Solidity over 2 years.",Experience
Full Stack Web Development,Areas of Interest
Designed a system to detect potholes on roads using drone imagery.,Projects
Created a system to auto-generate meeting summaries from transcripts using BERT.,Projects
"Chief Technology Officer at a FinTech startup, overseeing tech strategy and execution for 3 years.",Experience
Winner of the National Coding Championship 2024.,Achievements
Has been leading many teams during college and maintained a collaborative environment.,Soft Skills
C++ Programming for Beginners to Advanced - Pluralsight,Certifications
Secure RESTful API Design,Areas of Interest
Cloudera Data Analyst Certification - Cloudera.,Certifications
Successfully mentored juniors in competitive programming.,Achievements
Contact +91-310-555-7698 LinkedIn: linkedin.com/in/abc123,Contact 
Mobile No. +1-310-555-7694,Contact 
"Phone: +44-7985-332245, Email: info@mydomain.net",Contact 
"Phone: +1-202-555-0152, Email: name@example.org",Contact 
Adaptability in diverse work environments,Soft Skills
Constructive feedback delivery,Soft Skills
"Education: B.Tech Computer Science,   Indian Institute of Techology Roorkee",Education
"MERN Stack Developer at Wipro, implemented high-performing e-commerce solutions with seamless user experiences over 3 years.",Experience
"Ph.D. in Genomic Data Analytics, National Institute of Health (NIH), USA, Class of 2021.",Education
Java Programming and Software Engineering Fundamentals - Duke University (Coursera).,Certifications
"Competent in creating cross-browser compatibility using HTML, CSS, and Bootstrap.",Skills
I have done additional Certified courses on MernStack and DSA,Certifications
"Bachelor of Commerce in Investment Analytics, Narsee Monjee Institute of Management Studies (NMIMS), Mumbai, 2018–2021.",Education
"Phone: +44-7985-332247,  LinkedIn: linkedin.com/in/john123  Portfolio: johndoe.dev",Contact 
"Mobile: +44-7425-123456, Email: first.last@domain.com",Contact 
Presented at an international conference on AI advancements.,Achievements
"Bachelor of Commerce in Financial Analytics, Symbiosis College, Pune.",Education
Empathy and understanding different perspectives,Soft Skills
"Full Stack Developer at Infosys, developed scalable web applications using React, Redux, and Node.js for enterprise clients over 4 years.",Experience
Building long-term professional relationships,Soft Skills
Certified Machine Learning Specialist - Coursera,Certifications
Cross-functional team collaboration,Soft Skills
"Phone: +86-10-12345684, xyz_j@yahoo.com",Contact 
"Site Reliability Engineer at Zoho, improving uptime and reliability of SaaS applications for 4 years.",Experience
Created a full-stack e-commerce website with React and Node.js.,Projects
Developed a real-time chat application with WebSocket and React.,Projects
"Phone: +91-9876543211, email: john.doe@company.com",Contact 
"Energy Data Scientist at Shell, optimizing renewable energy operations using AI for 5 years.",Experience
"worked in C++, Mernstack, React.js, Node.js",Skills
Mobile No. +1-310-555-7687 GitHub: github.com/username Email: myname98@outlook.com LinkedIn: linkedin.com/in/john123,Contact 
"Cross-functional collaboration, building and maintaining team morale, and recognizing achievements.",Soft Skills
Negotiation and persuasion,Soft Skills
"M.Sc. in Cybersecurity, University College London (UCL).",Education
Positive attitude and workplace morale,Soft Skills
Researched adversarial attacks on image classifiers.,Projects
Azure AI Engineer Associate - Microsoft Learn.,Certifications
Hands-on experience in AR/VR development using Unity and Unreal Engine.,Skills
Specialized knowledge of continuous integration setups and version control with GitLab and Bitbucket.,Skills
"Worked as an IT Consultant at Cognizant, advising on infrastructure modernization using hybrid cloud solutions for 6 years.",Experience
"B.Tech in Computer Science (CGPA: 9.2/10), Indian Institute of Technology (IIT) Roorkee, 2020",Education
Well-versed in distributed ledger systems and smart contract development.,Skills
Mobile No +91-310-555-7683 Portfolio: johndoe.dev,Contact 
"Worked as a Data Scientist at Amazon, specializing in personalized recommendation systems and customer segmentation, contributing to a 15% increase in user engagement over 3 years.",Experience
Advanced Excel and VBA Certification - Simplilearn,Certifications
Automated wildlife species classification using transfer learning on ResNet.,Projects
Open Source Contributions to Web Frameworks,Areas of Interest
Implemented an outlier detection system for financial transactions using DBSCAN.,Projects
Designed a topic modeling tool for analyzing legal documents using LDA.,Projects
Promoting an inclusive and equitable work culture,Soft Skills
Offensive Security Certified Professional (OSCP),Certifications
"B.Sc. in Data Science and Artificial Intelligence, University of California, Los Angeles (UCLA), 2021 Graduate, GPA: 3.8.",Education
Proficient in time series analysis for forecasting.,Skills
Full-Stack Web Development Certification - Udemy,Certifications
Phone: +49-151-23456790 Portfolio: jndoe.dev,Contact 
"Completed an Executive MBA in Strategic Leadership, INSEAD.",Education
Secured second place in the 10K marathon organized by ABC Group.,Achievements
Full-Stack JavaScript Developer Certification - Codecademy.,Certifications
Proficient in anomaly detection techniques and tools.,Skills
"Expertise in cloud platforms: AWS, Azure, and Google Cloud.",Skills
"PG Diploma in Advanced Data Science and AI, IIT Hyderabad, in collaboration with Coursera, Graduated in 2021.",Education
Understanding of quantum hardware and algorithms.,Skills
CISSP (Certified Information Systems Security Professional) - ISC2,Certifications
Worked on detecting plant diseases using convolutional neural networks.,Projects
"Business Intelligence Developer at TCS, building dashboards and reports using SQL and PowerBI for 5 years.",Experience
"GIS Analyst at Esri, working on spatial data analysis and map generation for urban planning for 3 years.",Experience
Proficient in Linux shell scripting and system administration.,Skills
Data Lakehouse Architectures,Areas of Interest
Real-Time Data Analytics with Kafka,Areas of Interest
"DevOps Manager at IBM, led teams in automating CI/CD pipelines, cutting deployment timelines by 50% over 3 years.",Experience
Advanced Data Science Certification - IBM,Certifications
Certified Hadoop Administrator - Hortonworks,Certifications
Rating  above 2400 in CodeChef ,Achievements
"Worked as a Mern Stack Developer XYZ pvt ltd for 3 years , switched to LMN and has been working for 2 years.",Experience
"DevOps Manager at IBM, leading a team of engineers to automate deployment processes for 3 years.",Experience
"Ph.D. in Autonomous Driving Systems, Technical University of Denmark, Completed in 2023.",Education
Networking and relationship-building,Soft Skills
Explored the use of GANs for generating synthetic satellite images.,Projects
Java Programming Masterclass Certification - Udemy,Certifications
"Master of Engineering in Cloud Computing, University of Melbourne.",Education
Building rapport and trust,Soft Skills
Built a personalized news recommendation system using NLP pipelines.,Projects
"Experiened in Python, Transformers, C++, Numpy, Pandas, Git.",Skills
"Won ""Employee of the Year"" for driving process efficiency at DEF Inc.",Achievements
Lateral thinking for unique solutions,Soft Skills
Skilled in designing microservices architecture,Skills
"Worked at SAP as a Cloud Security Specialist, ensuring compliance with GDPR and ISO standards for 3 years.",Experience
Competent in machine learning models using Scikit-learn and TensorFlow.,Skills
Certified Kubernetes Application Developer (CKAD) - CNCF.,Certifications
Implemented an agricultural disease diagnosis app with CNN-based feature extraction.,Projects
Certified Big Data Engineer - Cloudera,Certifications
Implemented a predictive maintenance model for industrial machinery using sensor data.,Projects
"B.Tech in Electronics and Communication, Vellore Institute of Technology (VIT).",Education
"ETL Automation and Pipeline Orchestration (Airflow, Prefect)",Areas of Interest
Managing emotions under stress,Soft Skills
High-Availability Architectures for Cloud Systems,Areas of Interest
"DevOps Engineer at VMware, automated deployment pipelines using Jenkins, Docker, and Kubernetes, reducing deployment time by 40% over 5 years.",Experience
"Skilled  in cloud platforms: AWS, Azure, and Google Cloud.",Skills
Blockchain Security Protocols,Areas of Interest
"Conflict management, embracing change, and driving innovation in teams.",Soft Skills
Automated sentiment analysis for product reviews using fine-tuned RoBERTa.,Projects
Data Science for Business Decision Making,Areas of Interest
"M.Tech in Distributed Ledger Technologies, IIIT Bangalore, CGPA: 9.3, 2019–2021.",Education
Awarded for completing 100 hours of volunteering for an NGO.,Achievements
Phone: +49-151-23456789 email: jane.smith@xyzcorp.org,Contact 
Microsoft Excel Expert Certification - Microsoft,Certifications
Won first place in swimming at the regional sports meet.,Achievements
Certified Data Engineer Professional - Snowflake University.,Certifications
"Backend Developer at Flipkart, enhanced API performance and integrated payment gateways using Django and Flask for 2 years.",Experience
Flexibility in adapting to others’ needs,Soft Skills
Decision-making with incomplete data,Soft Skills
Contact +91-310-555-7693 LinkedIn: linkedin.com/in/johndoe123,Contact 
"Worked as a Software Engineer at Microsoft, specializing in backend development using .NET for 3 years.",Experience
Increased team productivity by 25% through optimized workflows.,Achievements
Certified MERN Stack Developer - Simplilearn,Certifications
Contact +1-310-555-7686 GitHub: github.com/xyz,Contact 
Advanced Machine Learning and Signal Processing - IBM (Coursera).,Certifications
Proficient in mobile testing frameworks like Appium and Espresso.,Skills
Node.js Certified Developer - OpenJS Foundation,Certifications
Risk assessment and mitigation,Soft Skills
"Cloud Support Engineer at Oracle Cloud, resolved high-impact SaaS issues, ensuring minimal downtime over 2 years.",Experience
"Worked alongside both SQL and No-SQL DBMS: MySQL, MangoDB",Skills
Cybersecurity and Threat Intelligence,Areas of Interest
Oracle Cloud Infrastructure Architect Associate,Certifications
"Ph.D. in Genomic Data Analytics, National Institue of Health (NIH), USA. M.Tech. in Data Scien and AI, IIT  Bombay. B.Tech in CS Indian Institute of Technology  Kanpur, ",Education
Computer Vision and Image Processing,Areas of Interest
"DevOps Engineer at VMware, automating CI/CD pipelines using Jenkins, Docker, and Kubernetes for 5 years.",Experience
Worked on a plagiarism detection system using semantic similarity techniques.,Projects
Engineered a customer profiling system using Hierarchical Clustering to target marketing campaigns.,Projects
CompTIA Security+ Certification,Certifications
Cloud Cost Optimization and Monitoring,Areas of Interest
Synthetic Data Generation and GANs,Areas of Interest
Mobile No +91-310-555-7686 Email: myname98@outlook.com Portfolio: xyz.dev,Contact 
Earned a Magna Cum Laude distinction in B.Sc. Physics from MIT.,Education
Mobile No +91-310-555-7692,Contact 
"Master of Business Administration (MBA) in Strategy and Analytics, Harvard Business School.",Education
Developed an OCR system for digitizing handwritten text using Tesseract and CNNs.,Projects
"B.E. in Information Technology, Delhi Technological University (DTU).",Education
GCP Machine Learning Engineer Certification,Certifications
AI in Gaming and Simulation Systems,Areas of Interest
"NLP Engineer at Grammarly, improving grammar-checking algorithms with transformer models for 3 years.",Experience
Machine Learning A-Z - Udemy,Certifications
"PG Diploma in Business Analytics, ISB Hyderabad.",Education
"Encouraging creativity, brainstorming, and innovative thinking for unique problem-solving approaches.",Soft Skills
Experienced in mobile app development using Swift and Kotlin.,Skills
"Delivered a project ahead of schedule, saving the company $50,000.",Achievements
Knowledge of event-driven architectures and messaging systems.,Skills
"Master of Public Policy (MPP), National Law School of India University.",Education
"Areas of Interest: Data Analytics, Data Science, Natural Language Processing and Data Structure and Algorithm",Areas of Interest
Developed a scalable DNA sequence analysis pipeline with parallel processing techniques.,Projects
"M.S. in Artificial Intelligence and Robotics, Georgia Institute of Technology.",Education
